uniqueid,game,firstPlayer,choice1,choice2,phase,rating
1,singleControl0,column,A,A,rangeProb1,85
1,singleControl1,row,A,B,rangeProb1,61
1,pd3,column,B,B,rangeProb1,39
1,pd0,column,A,A,rangeProb1,62
1,threat1,column,B,A,rangeProb1,45
1,threat0,column,A,A,rangeProb1,57
1,threat3,column,B,B,rangeProb1,48
1,disjunctive0,row,A,A,rangeProb1,62
1,disjunctive3,row,B,B,rangeProb1,59
1,coordination0,column,A,A,rangeProb1,63
1,coordination1,column,B,A,rangeProb1,57
2,pd0,row,A,A,rangeProb1,79
2,pd3,row,B,B,rangeProb1,21
2,threat3,row,B,B,rangeProb1,21
2,threat0,column,A,A,rangeProb1,41
2,threat1,column,B,A,rangeProb1,49
2,disjunctive0,column,A,A,rangeProb1,47
2,disjunctive3,column,B,B,rangeProb1,49
2,coordination1,column,B,A,rangeProb1,73
2,coordination0,column,A,A,rangeProb1,67
2,singleControl0,row,A,A,rangeProb1,68
2,singleControl1,column,B,A,rangeProb1,26
3,pd3,column,B,B,rangeProb1,13
3,pd0,column,A,A,rangeProb1,100
3,coordination0,row,A,A,rangeProb1,50
3,coordination1,column,B,A,rangeProb1,50
3,singleControl1,column,B,A,rangeProb1,0
3,singleControl0,column,A,A,rangeProb1,50
3,threat0,row,A,A,rangeProb1,50
3,threat3,row,B,B,rangeProb1,0
3,threat1,row,A,B,rangeProb1,50
3,disjunctive3,column,B,B,rangeProb1,0
3,disjunctive0,column,A,A,rangeProb1,50
4,pd0,column,A,A,rangeProb1,69
4,pd3,row,B,B,rangeProb1,29
4,singleControl0,column,A,A,rangeProb1,85
4,singleControl1,row,A,B,rangeProb1,80
4,threat0,column,A,A,rangeProb1,82
4,threat1,column,B,A,rangeProb1,31
4,threat3,column,B,B,rangeProb1,66
4,disjunctive0,column,A,A,rangeProb1,100
4,disjunctive3,column,B,B,rangeProb1,93
4,coordination0,row,A,A,rangeProb1,100
4,coordination1,column,B,A,rangeProb1,100
5,disjunctive0,column,A,A,rangeProb1,86
5,disjunctive3,row,B,B,rangeProb1,81
5,pd3,row,B,B,rangeProb1,15
5,pd0,column,A,A,rangeProb1,69
5,threat1,column,B,A,rangeProb1,49
5,threat0,row,A,A,rangeProb1,40
5,threat3,row,B,B,rangeProb1,38
5,coordination0,row,A,A,rangeProb1,49
5,coordination1,row,A,B,rangeProb1,49
5,singleControl1,column,B,A,rangeProb1,19
5,singleControl0,column,A,A,rangeProb1,74
7,threat1,column,B,A,rangeProb1,52
7,threat3,row,B,B,rangeProb1,34
7,threat0,row,A,A,rangeProb1,52
7,disjunctive0,column,A,A,rangeProb1,57
7,disjunctive3,column,B,B,rangeProb1,51
7,singleControl0,row,A,A,rangeProb1,52
7,singleControl1,row,A,B,rangeProb1,55
7,pd3,column,B,B,rangeProb1,48
7,pd0,column,A,A,rangeProb1,56
7,coordination0,row,A,A,rangeProb1,55
7,coordination1,column,B,A,rangeProb1,52
8,threat0,row,A,A,rangeProb1,47
8,threat3,row,B,B,rangeProb1,7
8,threat1,row,A,B,rangeProb1,82
8,coordination1,column,B,A,rangeProb1,50
8,coordination0,column,A,A,rangeProb1,49
8,singleControl1,row,A,B,rangeProb1,74
8,singleControl0,row,A,A,rangeProb1,51
8,pd3,column,B,B,rangeProb1,20
8,pd0,column,A,A,rangeProb1,85
8,disjunctive3,row,B,B,rangeProb1,26
8,disjunctive0,column,A,A,rangeProb1,48
9,pd0,row,A,A,rangeProb1,79
9,pd3,column,B,B,rangeProb1,14
9,disjunctive3,row,B,B,rangeProb1,76
9,disjunctive0,column,A,A,rangeProb1,58
9,threat0,column,A,A,rangeProb1,25
9,threat3,row,B,B,rangeProb1,31
9,threat1,row,A,B,rangeProb1,33
9,coordination0,row,A,A,rangeProb1,36
9,coordination1,row,A,B,rangeProb1,66
9,singleControl1,column,B,A,rangeProb1,25
9,singleControl0,column,A,A,rangeProb1,69
10,coordination1,row,A,B,rangeProb1,50
10,coordination0,column,A,A,rangeProb1,50
10,pd3,column,B,B,rangeProb1,44
10,pd0,row,A,A,rangeProb1,70
10,threat1,column,B,A,rangeProb1,50
10,threat0,row,A,A,rangeProb1,68
10,threat3,column,B,B,rangeProb1,50
10,disjunctive0,row,A,A,rangeProb1,50
10,disjunctive3,row,B,B,rangeProb1,11
10,singleControl0,column,A,A,rangeProb1,50
10,singleControl1,column,B,A,rangeProb1,17
11,pd3,column,B,B,rangeProb1,20
11,pd0,column,A,A,rangeProb1,22
11,disjunctive3,column,B,B,rangeProb1,91
11,disjunctive0,row,A,A,rangeProb1,83
11,threat0,row,A,A,rangeProb1,67
11,threat1,row,A,B,rangeProb1,34
11,threat3,row,B,B,rangeProb1,70
11,singleControl0,column,A,A,rangeProb1,79
11,singleControl1,row,A,B,rangeProb1,85
11,coordination0,row,A,A,rangeProb1,28
11,coordination1,row,A,B,rangeProb1,77
12,threat3,column,B,B,rangeProb1,30
12,threat1,row,A,B,rangeProb1,54
12,threat0,row,A,A,rangeProb1,55
12,disjunctive3,column,B,B,rangeProb1,62
12,disjunctive0,row,A,A,rangeProb1,65
12,coordination0,column,A,A,rangeProb1,79
12,coordination1,column,B,A,rangeProb1,5
12,singleControl0,column,A,A,rangeProb1,72
12,singleControl1,row,A,B,rangeProb1,74
12,pd0,column,A,A,rangeProb1,73
12,pd3,row,B,B,rangeProb1,18
13,pd0,column,A,A,rangeProb1,52
13,pd3,column,B,B,rangeProb1,46
13,disjunctive3,column,B,B,rangeProb1,24
13,disjunctive0,column,A,A,rangeProb1,74
13,coordination1,row,A,B,rangeProb1,72
13,coordination0,column,A,A,rangeProb1,65
13,singleControl1,row,A,B,rangeProb1,53
13,singleControl0,row,A,A,rangeProb1,55
13,threat1,column,B,A,rangeProb1,38
13,threat0,column,A,A,rangeProb1,100
13,threat3,column,B,B,rangeProb1,46
14,coordination1,column,B,A,rangeProb1,87
14,coordination0,row,A,A,rangeProb1,57
14,pd0,row,A,A,rangeProb1,72
14,pd3,column,B,B,rangeProb1,36
14,disjunctive3,row,B,B,rangeProb1,49
14,disjunctive0,row,A,A,rangeProb1,53
14,singleControl1,row,A,B,rangeProb1,55
14,singleControl0,column,A,A,rangeProb1,57
14,threat3,row,B,B,rangeProb1,12
14,threat0,column,A,A,rangeProb1,49
14,threat1,row,A,B,rangeProb1,76
15,singleControl0,row,A,A,rangeProb1,97
15,singleControl1,column,B,A,rangeProb1,18
15,threat0,column,A,A,rangeProb1,96
15,threat1,row,A,B,rangeProb1,82
15,threat3,column,B,B,rangeProb1,80
15,coordination0,row,A,A,rangeProb1,54
15,coordination1,column,B,A,rangeProb1,7
15,disjunctive3,column,B,B,rangeProb1,57
15,disjunctive0,column,A,A,rangeProb1,56
15,pd0,row,A,A,rangeProb1,90
15,pd3,column,B,B,rangeProb1,17
16,threat1,row,A,B,rangeProb1,75
16,threat0,row,A,A,rangeProb1,88
16,threat3,row,B,B,rangeProb1,0
16,pd3,column,B,B,rangeProb1,16
16,pd0,row,A,A,rangeProb1,99
16,singleControl0,row,A,A,rangeProb1,50
16,singleControl1,row,A,B,rangeProb1,48
16,disjunctive3,row,B,B,rangeProb1,51
16,disjunctive0,column,A,A,rangeProb1,50
16,coordination1,column,B,A,rangeProb1,0
16,coordination0,column,A,A,rangeProb1,74
17,pd0,column,A,A,rangeProb1,58
17,pd3,column,B,B,rangeProb1,44
17,coordination1,column,B,A,rangeProb1,50
17,coordination0,row,A,A,rangeProb1,50
17,disjunctive0,column,A,A,rangeProb1,50
17,disjunctive3,row,B,B,rangeProb1,46
17,singleControl0,column,A,A,rangeProb1,98
17,singleControl1,column,B,A,rangeProb1,0
17,threat3,column,B,B,rangeProb1,16
17,threat1,column,B,A,rangeProb1,10
17,threat0,column,A,A,rangeProb1,84
18,threat1,column,B,A,rangeProb1,16
18,threat0,row,A,A,rangeProb1,82
18,threat3,row,B,B,rangeProb1,0
18,pd3,row,B,B,rangeProb1,1
18,pd0,row,A,A,rangeProb1,89
18,singleControl1,column,B,A,rangeProb1,94
18,singleControl0,row,A,A,rangeProb1,87
18,disjunctive3,column,B,B,rangeProb1,51
18,disjunctive0,row,A,A,rangeProb1,65
18,coordination1,row,A,B,rangeProb1,79
18,coordination0,column,A,A,rangeProb1,56
19,threat3,column,B,B,rangeProb1,32
19,threat0,column,A,A,rangeProb1,66
19,threat1,row,A,B,rangeProb1,60
19,singleControl0,column,A,A,rangeProb1,70
19,singleControl1,row,A,B,rangeProb1,50
19,pd0,row,A,A,rangeProb1,80
19,pd3,column,B,B,rangeProb1,26
19,coordination1,row,A,B,rangeProb1,50
19,coordination0,row,A,A,rangeProb1,50
19,disjunctive3,column,B,B,rangeProb1,100
19,disjunctive0,row,A,A,rangeProb1,41
20,pd3,column,B,B,rangeProb1,19
20,pd0,column,A,A,rangeProb1,92
20,singleControl1,row,A,B,rangeProb1,50
20,singleControl0,row,A,A,rangeProb1,50
20,disjunctive3,column,B,B,rangeProb1,37
20,disjunctive0,row,A,A,rangeProb1,50
20,coordination1,column,B,A,rangeProb1,50
20,coordination0,column,A,A,rangeProb1,50
20,threat0,column,A,A,rangeProb1,83
20,threat1,column,B,A,rangeProb1,43
20,threat3,column,B,B,rangeProb1,50
22,disjunctive0,column,A,A,rangeProb1,50
22,disjunctive3,column,B,B,rangeProb1,11
22,singleControl1,row,A,B,rangeProb1,50
22,singleControl0,row,A,A,rangeProb1,50
22,pd0,row,A,A,rangeProb1,92
22,pd3,column,B,B,rangeProb1,37
22,coordination1,column,B,A,rangeProb1,50
22,coordination0,row,A,A,rangeProb1,50
22,threat3,row,B,B,rangeProb1,80
22,threat0,row,A,A,rangeProb1,50
22,threat1,row,A,B,rangeProb1,50
23,coordination1,row,A,B,rangeProb1,85
23,coordination0,column,A,A,rangeProb1,66
23,threat0,column,A,A,rangeProb1,75
23,threat3,row,B,B,rangeProb1,84
23,threat1,column,B,A,rangeProb1,43
23,pd0,row,A,A,rangeProb1,86
23,pd3,column,B,B,rangeProb1,4
23,singleControl1,row,A,B,rangeProb1,73
23,singleControl0,column,A,A,rangeProb1,66
23,disjunctive3,column,B,B,rangeProb1,54
23,disjunctive0,column,A,A,rangeProb1,93
24,coordination1,row,A,B,rangeProb1,100
24,coordination0,column,A,A,rangeProb1,50
24,disjunctive3,row,B,B,rangeProb1,50
24,disjunctive0,column,A,A,rangeProb1,50
24,pd0,row,A,A,rangeProb1,100
24,pd3,column,B,B,rangeProb1,2
24,threat3,row,B,B,rangeProb1,50
24,threat1,row,A,B,rangeProb1,100
24,threat0,column,A,A,rangeProb1,100
24,singleControl1,row,A,B,rangeProb1,50
24,singleControl0,column,A,A,rangeProb1,100
25,pd3,row,B,B,rangeProb1,6
25,pd0,row,A,A,rangeProb1,88
25,threat0,row,A,A,rangeProb1,100
25,threat1,row,A,B,rangeProb1,48
25,threat3,column,B,B,rangeProb1,50
25,coordination1,row,A,B,rangeProb1,87
25,coordination0,column,A,A,rangeProb1,78
25,disjunctive0,column,A,A,rangeProb1,50
25,disjunctive3,row,B,B,rangeProb1,51
25,singleControl1,row,A,B,rangeProb1,51
25,singleControl0,column,A,A,rangeProb1,52
26,singleControl0,row,A,A,rangeProb1,82
26,singleControl1,row,A,B,rangeProb1,56
26,threat0,row,A,A,rangeProb1,49
26,threat1,row,A,B,rangeProb1,43
26,threat3,row,B,B,rangeProb1,36
26,disjunctive3,row,B,B,rangeProb1,67
26,disjunctive0,column,A,A,rangeProb1,77
26,pd3,row,B,B,rangeProb1,78
26,pd0,column,A,A,rangeProb1,84
26,coordination1,column,B,A,rangeProb1,47
26,coordination0,row,A,A,rangeProb1,77
27,singleControl0,row,A,A,rangeProb1,69
27,singleControl1,column,B,A,rangeProb1,35
27,pd0,column,A,A,rangeProb1,89
27,pd3,column,B,B,rangeProb1,10
27,coordination1,row,A,B,rangeProb1,91
27,coordination0,column,A,A,rangeProb1,80
27,disjunctive0,row,A,A,rangeProb1,89
27,disjunctive3,column,B,B,rangeProb1,92
27,threat0,row,A,A,rangeProb1,62
27,threat3,row,B,B,rangeProb1,21
27,threat1,row,A,B,rangeProb1,53
28,disjunctive3,row,B,B,rangeProb1,0
28,disjunctive0,column,A,A,rangeProb1,100
28,pd0,row,A,A,rangeProb1,97
28,pd3,row,B,B,rangeProb1,21
28,coordination1,column,B,A,rangeProb1,27
28,coordination0,row,A,A,rangeProb1,99
28,threat1,column,B,A,rangeProb1,17
28,threat0,column,A,A,rangeProb1,73
28,threat3,row,B,B,rangeProb1,5
28,singleControl0,column,A,A,rangeProb1,73
28,singleControl1,row,A,B,rangeProb1,100
29,pd0,row,A,A,rangeProb1,85
29,pd3,column,B,B,rangeProb1,16
29,coordination0,row,A,A,rangeProb1,49
29,coordination1,row,A,B,rangeProb1,50
29,disjunctive3,column,B,B,rangeProb1,61
29,disjunctive0,row,A,A,rangeProb1,45
29,singleControl0,column,A,A,rangeProb1,91
29,singleControl1,column,B,A,rangeProb1,0
29,threat1,column,B,A,rangeProb1,42
29,threat0,column,A,A,rangeProb1,94
29,threat3,row,B,B,rangeProb1,10
30,singleControl1,row,A,B,rangeProb1,9
30,singleControl0,column,A,A,rangeProb1,97
30,threat0,row,A,A,rangeProb1,68
30,threat1,row,A,B,rangeProb1,79
30,threat3,row,B,B,rangeProb1,27
30,disjunctive0,column,A,A,rangeProb1,96
30,disjunctive3,column,B,B,rangeProb1,78
30,pd3,column,B,B,rangeProb1,20
30,pd0,column,A,A,rangeProb1,85
30,coordination0,row,A,A,rangeProb1,81
30,coordination1,column,B,A,rangeProb1,84
31,threat3,row,B,B,rangeProb1,29
31,threat0,row,A,A,rangeProb1,67
31,threat1,row,A,B,rangeProb1,55
31,coordination1,column,B,A,rangeProb1,51
31,coordination0,column,A,A,rangeProb1,54
31,singleControl1,column,B,A,rangeProb1,27
31,singleControl0,row,A,A,rangeProb1,71
31,pd0,row,A,A,rangeProb1,71
31,pd3,row,B,B,rangeProb1,36
31,disjunctive0,column,A,A,rangeProb1,86
31,disjunctive3,row,B,B,rangeProb1,43
32,disjunctive0,row,A,A,rangeProb1,100
32,disjunctive3,row,B,B,rangeProb1,8
32,pd3,column,B,B,rangeProb1,16
32,pd0,row,A,A,rangeProb1,96
32,coordination0,column,A,A,rangeProb1,83
32,coordination1,column,B,A,rangeProb1,81
32,singleControl0,column,A,A,rangeProb1,99
32,singleControl1,column,B,A,rangeProb1,7
32,threat1,row,A,B,rangeProb1,97
32,threat0,row,A,A,rangeProb1,80
32,threat3,column,B,B,rangeProb1,57
33,pd3,column,B,B,rangeProb1,39
33,pd0,row,A,A,rangeProb1,73
33,singleControl0,row,A,A,rangeProb1,70
33,singleControl1,column,B,A,rangeProb1,29
33,coordination0,column,A,A,rangeProb1,66
33,coordination1,column,B,A,rangeProb1,50
33,threat1,column,B,A,rangeProb1,38
33,threat3,column,B,B,rangeProb1,46
33,threat0,column,A,A,rangeProb1,87
33,disjunctive3,column,B,B,rangeProb1,49
33,disjunctive0,row,A,A,rangeProb1,88
34,coordination0,column,A,A,rangeProb1,57
34,coordination1,row,A,B,rangeProb1,56
34,singleControl1,row,A,B,rangeProb1,53
34,singleControl0,column,A,A,rangeProb1,55
34,threat3,column,B,B,rangeProb1,53
34,threat0,column,A,A,rangeProb1,55
34,threat1,row,A,B,rangeProb1,58
34,disjunctive0,column,A,A,rangeProb1,54
34,disjunctive3,column,B,B,rangeProb1,56
34,pd0,row,A,A,rangeProb1,55
34,pd3,row,B,B,rangeProb1,59
35,singleControl0,column,A,A,rangeProb1,72
35,singleControl1,row,A,B,rangeProb1,80
35,coordination1,column,B,A,rangeProb1,50
35,coordination0,row,A,A,rangeProb1,79
35,disjunctive3,column,B,B,rangeProb1,68
35,disjunctive0,row,A,A,rangeProb1,100
35,threat3,row,B,B,rangeProb1,0
35,threat0,row,A,A,rangeProb1,24
35,threat1,row,A,B,rangeProb1,46
35,pd3,column,B,B,rangeProb1,40
35,pd0,row,A,A,rangeProb1,75
36,coordination1,row,A,B,rangeProb1,51
36,coordination0,row,A,A,rangeProb1,51
36,disjunctive3,column,B,B,rangeProb1,51
36,disjunctive0,row,A,A,rangeProb1,52
36,singleControl0,row,A,A,rangeProb1,53
36,singleControl1,column,B,A,rangeProb1,13
36,threat0,column,A,A,rangeProb1,94
36,threat1,row,A,B,rangeProb1,56
36,threat3,column,B,B,rangeProb1,55
36,pd0,row,A,A,rangeProb1,54
36,pd3,row,B,B,rangeProb1,56
37,threat0,column,A,A,rangeProb1,68
37,threat3,row,B,B,rangeProb1,35
37,threat1,row,A,B,rangeProb1,63
37,disjunctive3,column,B,B,rangeProb1,41
37,disjunctive0,row,A,A,rangeProb1,73
37,pd3,column,B,B,rangeProb1,44
37,pd0,column,A,A,rangeProb1,65
37,coordination0,row,A,A,rangeProb1,52
37,coordination1,row,A,B,rangeProb1,55
37,singleControl0,row,A,A,rangeProb1,50
37,singleControl1,row,A,B,rangeProb1,50
38,singleControl0,row,A,A,rangeProb1,85
38,singleControl1,column,B,A,rangeProb1,16
38,pd3,column,B,B,rangeProb1,5
38,pd0,row,A,A,rangeProb1,87
38,threat0,row,A,A,rangeProb1,55
38,threat3,row,B,B,rangeProb1,77
38,threat1,column,B,A,rangeProb1,39
38,coordination0,column,A,A,rangeProb1,87
38,coordination1,row,A,B,rangeProb1,81
38,disjunctive3,row,B,B,rangeProb1,79
38,disjunctive0,row,A,A,rangeProb1,77
39,disjunctive0,column,A,A,rangeProb1,50
39,disjunctive3,row,B,B,rangeProb1,62
39,coordination1,row,A,B,rangeProb1,71
39,coordination0,row,A,A,rangeProb1,84
39,pd0,row,A,A,rangeProb1,99
39,pd3,row,B,B,rangeProb1,24
39,threat0,column,A,A,rangeProb1,100
39,threat3,row,B,B,rangeProb1,29
39,threat1,row,A,B,rangeProb1,97
39,singleControl0,row,A,A,rangeProb1,50
39,singleControl1,column,B,A,rangeProb1,0
40,threat0,row,A,A,rangeProb1,62
40,threat1,column,B,A,rangeProb1,35
40,threat3,row,B,B,rangeProb1,30
40,pd0,row,A,A,rangeProb1,82
40,pd3,column,B,B,rangeProb1,16
40,coordination0,column,A,A,rangeProb1,52
40,coordination1,row,A,B,rangeProb1,53
40,singleControl0,row,A,A,rangeProb1,53
40,singleControl1,column,B,A,rangeProb1,0
40,disjunctive0,row,A,A,rangeProb1,53
40,disjunctive3,row,B,B,rangeProb1,0
41,disjunctive3,row,B,B,rangeProb1,50
41,disjunctive0,row,A,A,rangeProb1,52
41,threat0,column,A,A,rangeProb1,100
41,threat3,column,B,B,rangeProb1,0
41,threat1,column,B,A,rangeProb1,51
41,singleControl1,column,B,A,rangeProb1,0
41,singleControl0,row,A,A,rangeProb1,100
41,pd3,column,B,B,rangeProb1,16
41,pd0,row,A,A,rangeProb1,100
41,coordination1,column,B,A,rangeProb1,50
41,coordination0,row,A,A,rangeProb1,50
42,threat0,row,A,A,rangeProb1,97
42,threat1,column,B,A,rangeProb1,69
42,threat3,row,B,B,rangeProb1,25
42,coordination1,column,B,A,rangeProb1,100
42,coordination0,column,A,A,rangeProb1,100
42,pd3,row,B,B,rangeProb1,30
42,pd0,row,A,A,rangeProb1,98
42,singleControl0,column,A,A,rangeProb1,100
42,singleControl1,column,B,A,rangeProb1,100
42,disjunctive0,column,A,A,rangeProb1,97
42,disjunctive3,column,B,B,rangeProb1,100
43,disjunctive0,column,A,A,rangeProb1,52
43,disjunctive3,row,B,B,rangeProb1,52
43,threat0,row,A,A,rangeProb1,53
43,threat1,row,A,B,rangeProb1,62
43,threat3,row,B,B,rangeProb1,55
43,singleControl1,row,A,B,rangeProb1,57
43,singleControl0,column,A,A,rangeProb1,62
43,coordination1,column,B,A,rangeProb1,60
43,coordination0,column,A,A,rangeProb1,52
43,pd3,column,B,B,rangeProb1,56
43,pd0,row,A,A,rangeProb1,59
44,pd0,column,A,A,rangeProb1,100
44,pd3,column,B,B,rangeProb1,46
44,disjunctive3,column,B,B,rangeProb1,57
44,disjunctive0,row,A,A,rangeProb1,100
44,singleControl1,row,A,B,rangeProb1,61
44,singleControl0,column,A,A,rangeProb1,92
44,coordination1,row,A,B,rangeProb1,49
44,coordination0,column,A,A,rangeProb1,49
44,threat0,column,A,A,rangeProb1,58
44,threat1,row,A,B,rangeProb1,60
44,threat3,column,B,B,rangeProb1,51
46,threat0,column,A,A,rangeProb1,62
46,threat3,row,B,B,rangeProb1,27
46,threat1,row,A,B,rangeProb1,59
46,coordination1,column,B,A,rangeProb1,50
46,coordination0,column,A,A,rangeProb1,50
46,singleControl1,column,B,A,rangeProb1,27
46,singleControl0,row,A,A,rangeProb1,50
46,disjunctive0,column,A,A,rangeProb1,64
46,disjunctive3,row,B,B,rangeProb1,35
46,pd0,column,A,A,rangeProb1,51
46,pd3,column,B,B,rangeProb1,50
47,pd3,column,B,B,rangeProb1,27
47,pd0,column,A,A,rangeProb1,91
47,threat3,column,B,B,rangeProb1,35
47,threat1,column,B,A,rangeProb1,49
47,threat0,row,A,A,rangeProb1,49
47,coordination0,column,A,A,rangeProb1,50
47,coordination1,column,B,A,rangeProb1,50
47,singleControl0,row,A,A,rangeProb1,50
47,singleControl1,row,A,B,rangeProb1,50
47,disjunctive3,row,B,B,rangeProb1,40
47,disjunctive0,row,A,A,rangeProb1,48
48,pd3,column,B,B,rangeProb1,24
48,pd0,column,A,A,rangeProb1,100
48,coordination0,row,A,A,rangeProb1,50
48,coordination1,row,A,B,rangeProb1,50
48,threat1,row,A,B,rangeProb1,52
48,threat3,row,B,B,rangeProb1,13
48,threat0,row,A,A,rangeProb1,60
48,singleControl0,column,A,A,rangeProb1,100
48,singleControl1,row,A,B,rangeProb1,51
48,disjunctive0,column,A,A,rangeProb1,54
48,disjunctive3,column,B,B,rangeProb1,94
51,disjunctive3,column,B,B,rangeProb1,100
51,disjunctive0,row,A,A,rangeProb1,86
51,coordination1,row,A,B,rangeProb1,83
51,coordination0,row,A,A,rangeProb1,100
51,threat1,row,A,B,rangeProb1,100
51,threat3,row,B,B,rangeProb1,18
51,threat0,row,A,A,rangeProb1,70
51,singleControl1,row,A,B,rangeProb1,51
51,singleControl0,column,A,A,rangeProb1,78
51,pd3,column,B,B,rangeProb1,0
51,pd0,row,A,A,rangeProb1,100
52,coordination1,row,A,B,rangeProb1,10
52,coordination0,column,A,A,rangeProb1,94
52,disjunctive3,column,B,B,rangeProb1,98
52,disjunctive0,column,A,A,rangeProb1,91
52,singleControl0,row,A,A,rangeProb1,90
52,singleControl1,column,B,A,rangeProb1,4
52,threat0,column,A,A,rangeProb1,91
52,threat1,column,B,A,rangeProb1,89
52,threat3,column,B,B,rangeProb1,21
52,pd3,column,B,B,rangeProb1,27
52,pd0,column,A,A,rangeProb1,71
53,threat1,column,B,A,rangeProb1,43
53,threat3,column,B,B,rangeProb1,50
53,threat0,row,A,A,rangeProb1,51
53,singleControl0,column,A,A,rangeProb1,85
53,singleControl1,column,B,A,rangeProb1,1
53,coordination0,row,A,A,rangeProb1,62
53,coordination1,column,B,A,rangeProb1,79
53,disjunctive0,column,A,A,rangeProb1,100
53,disjunctive3,row,B,B,rangeProb1,36
53,pd0,row,A,A,rangeProb1,51
53,pd3,column,B,B,rangeProb1,32
54,coordination1,row,A,B,rangeProb1,100
54,coordination0,column,A,A,rangeProb1,99
54,pd0,row,A,A,rangeProb1,96
54,pd3,row,B,B,rangeProb1,19
54,threat3,row,B,B,rangeProb1,100
54,threat0,row,A,A,rangeProb1,77
54,threat1,row,A,B,rangeProb1,78
54,singleControl1,column,B,A,rangeProb1,2
54,singleControl0,column,A,A,rangeProb1,100
54,disjunctive3,row,B,B,rangeProb1,42
54,disjunctive0,row,A,A,rangeProb1,100
55,pd3,row,B,B,rangeProb1,0
55,pd0,row,A,A,rangeProb1,0
55,disjunctive3,column,B,B,rangeProb1,100
55,disjunctive0,column,A,A,rangeProb1,100
55,singleControl0,row,A,A,rangeProb1,100
55,singleControl1,row,A,B,rangeProb1,100
55,coordination0,column,A,A,rangeProb1,99
55,coordination1,column,B,A,rangeProb1,100
55,threat0,column,A,A,rangeProb1,100
55,threat3,column,B,B,rangeProb1,0
55,threat1,row,A,B,rangeProb1,100
56,pd0,column,A,A,rangeProb1,100
56,pd3,column,B,B,rangeProb1,24
56,disjunctive0,column,A,A,rangeProb1,55
56,disjunctive3,row,B,B,rangeProb1,40
56,threat0,column,A,A,rangeProb1,40
56,threat1,column,B,A,rangeProb1,41
56,threat3,column,B,B,rangeProb1,29
56,coordination1,row,A,B,rangeProb1,52
56,coordination0,column,A,A,rangeProb1,60
56,singleControl0,row,A,A,rangeProb1,49
56,singleControl1,column,B,A,rangeProb1,0
58,threat0,row,A,A,rangeProb1,34
58,threat1,row,A,B,rangeProb1,36
58,threat3,row,B,B,rangeProb1,18
58,singleControl0,row,A,A,rangeProb1,23
58,singleControl1,row,A,B,rangeProb1,36
58,disjunctive0,column,A,A,rangeProb1,50
58,disjunctive3,row,B,B,rangeProb1,41
58,coordination0,row,A,A,rangeProb1,32
58,coordination1,row,A,B,rangeProb1,44
58,pd3,row,B,B,rangeProb1,21
58,pd0,row,A,A,rangeProb1,82
60,disjunctive3,row,B,B,rangeProb1,0
60,disjunctive0,row,A,A,rangeProb1,58
60,threat3,column,B,B,rangeProb1,36
60,threat1,row,A,B,rangeProb1,50
60,threat0,column,A,A,rangeProb1,36
60,pd0,row,A,A,rangeProb1,100
60,pd3,column,B,B,rangeProb1,0
60,singleControl0,column,A,A,rangeProb1,100
60,singleControl1,row,A,B,rangeProb1,50
60,coordination1,column,B,A,rangeProb1,49
60,coordination0,row,A,A,rangeProb1,50
62,singleControl1,row,A,B,rangeProb1,49
62,singleControl0,column,A,A,rangeProb1,61
62,coordination0,column,A,A,rangeProb1,50
62,coordination1,column,B,A,rangeProb1,50
62,disjunctive3,row,B,B,rangeProb1,20
62,disjunctive0,column,A,A,rangeProb1,49
62,threat1,column,B,A,rangeProb1,50
62,threat3,column,B,B,rangeProb1,50
62,threat0,row,A,A,rangeProb1,50
62,pd3,column,B,B,rangeProb1,49
62,pd0,column,A,A,rangeProb1,97
63,disjunctive0,column,A,A,rangeProb1,73
63,disjunctive3,row,B,B,rangeProb1,10
63,threat1,column,B,A,rangeProb1,41
63,threat3,column,B,B,rangeProb1,42
63,threat0,column,A,A,rangeProb1,94
63,singleControl0,row,A,A,rangeProb1,51
63,singleControl1,column,B,A,rangeProb1,2
63,coordination1,row,A,B,rangeProb1,52
63,coordination0,row,A,A,rangeProb1,51
63,pd3,row,B,B,rangeProb1,40
63,pd0,row,A,A,rangeProb1,84
64,singleControl0,row,A,A,rangeProb1,100
64,singleControl1,row,A,B,rangeProb1,100
64,disjunctive3,row,B,B,rangeProb1,100
64,disjunctive0,column,A,A,rangeProb1,100
64,coordination1,row,A,B,rangeProb1,100
64,coordination0,column,A,A,rangeProb1,100
64,threat3,row,B,B,rangeProb1,76
64,threat1,column,B,A,rangeProb1,71
64,threat0,column,A,A,rangeProb1,100
64,pd3,column,B,B,rangeProb1,29
64,pd0,row,A,A,rangeProb1,28
65,threat0,row,A,A,rangeProb1,90
65,threat1,column,B,A,rangeProb1,92
65,threat3,row,B,B,rangeProb1,1
65,coordination0,column,A,A,rangeProb1,100
65,coordination1,row,A,B,rangeProb1,100
65,disjunctive3,column,B,B,rangeProb1,100
65,disjunctive0,column,A,A,rangeProb1,100
65,singleControl0,row,A,A,rangeProb1,100
65,singleControl1,row,A,B,rangeProb1,100
65,pd3,column,B,B,rangeProb1,0
65,pd0,row,A,A,rangeProb1,87
68,coordination1,column,B,A,rangeProb1,84
68,coordination0,row,A,A,rangeProb1,50
68,pd0,column,A,A,rangeProb1,95
68,pd3,column,B,B,rangeProb1,37
68,disjunctive3,row,B,B,rangeProb1,4
68,disjunctive0,row,A,A,rangeProb1,83
68,threat0,row,A,A,rangeProb1,50
68,threat3,row,B,B,rangeProb1,10
68,threat1,row,A,B,rangeProb1,59
68,singleControl1,column,B,A,rangeProb1,18
68,singleControl0,column,A,A,rangeProb1,88
69,disjunctive3,row,B,B,rangeProb1,0
69,disjunctive0,column,A,A,rangeProb1,94
69,threat3,row,B,B,rangeProb1,8
69,threat0,row,A,A,rangeProb1,94
69,threat1,row,A,B,rangeProb1,100
69,coordination0,row,A,A,rangeProb1,63
69,coordination1,row,A,B,rangeProb1,77
69,pd0,row,A,A,rangeProb1,79
69,pd3,row,B,B,rangeProb1,51
69,singleControl1,row,A,B,rangeProb1,100
69,singleControl0,column,A,A,rangeProb1,53
72,threat3,column,B,B,rangeProb1,21
72,threat0,column,A,A,rangeProb1,95
72,threat1,row,A,B,rangeProb1,100
72,singleControl1,row,A,B,rangeProb1,50
72,singleControl0,column,A,A,rangeProb1,96
72,coordination0,column,A,A,rangeProb1,50
72,coordination1,row,A,B,rangeProb1,50
72,disjunctive0,column,A,A,rangeProb1,97
72,disjunctive3,row,B,B,rangeProb1,25
72,pd3,row,B,B,rangeProb1,0
72,pd0,column,A,A,rangeProb1,100
73,singleControl0,column,A,A,rangeProb1,100
73,singleControl1,column,B,A,rangeProb1,0
73,pd0,row,A,A,rangeProb1,78
73,pd3,row,B,B,rangeProb1,6
73,threat0,column,A,A,rangeProb1,96
73,threat1,row,A,B,rangeProb1,72
73,threat3,row,B,B,rangeProb1,18
73,coordination0,row,A,A,rangeProb1,57
73,coordination1,column,B,A,rangeProb1,59
73,disjunctive3,row,B,B,rangeProb1,24
73,disjunctive0,column,A,A,rangeProb1,79
74,coordination0,column,A,A,rangeProb1,54
74,coordination1,column,B,A,rangeProb1,38
74,threat3,column,B,B,rangeProb1,34
74,threat0,column,A,A,rangeProb1,93
74,threat1,row,A,B,rangeProb1,78
74,pd3,column,B,B,rangeProb1,0
74,pd0,column,A,A,rangeProb1,81
74,singleControl0,column,A,A,rangeProb1,71
74,singleControl1,column,B,A,rangeProb1,0
74,disjunctive3,row,B,B,rangeProb1,87
74,disjunctive0,column,A,A,rangeProb1,26
75,pd0,row,A,A,rangeProb1,64
75,pd3,row,B,B,rangeProb1,21
75,coordination1,column,B,A,rangeProb1,84
75,coordination0,row,A,A,rangeProb1,62
75,threat3,row,B,B,rangeProb1,16
75,threat0,row,A,A,rangeProb1,92
75,threat1,column,B,A,rangeProb1,24
75,disjunctive3,row,B,B,rangeProb1,50
75,disjunctive0,row,A,A,rangeProb1,98
75,singleControl0,row,A,A,rangeProb1,65
75,singleControl1,column,B,A,rangeProb1,1
77,coordination1,row,A,B,rangeProb1,100
77,coordination0,row,A,A,rangeProb1,100
77,disjunctive0,row,A,A,rangeProb1,100
77,disjunctive3,column,B,B,rangeProb1,2
77,pd0,row,A,A,rangeProb1,99
77,pd3,column,B,B,rangeProb1,0
77,singleControl0,column,A,A,rangeProb1,99
77,singleControl1,row,A,B,rangeProb1,100
77,threat1,column,B,A,rangeProb1,24
77,threat0,column,A,A,rangeProb1,100
77,threat3,row,B,B,rangeProb1,1
78,disjunctive3,column,B,B,rangeProb1,49
78,disjunctive0,column,A,A,rangeProb1,54
78,pd3,row,B,B,rangeProb1,31
78,pd0,row,A,A,rangeProb1,71
78,coordination1,column,B,A,rangeProb1,51
78,coordination0,column,A,A,rangeProb1,50
78,threat1,column,B,A,rangeProb1,35
78,threat0,column,A,A,rangeProb1,100
78,threat3,column,B,B,rangeProb1,40
78,singleControl1,column,B,A,rangeProb1,0
78,singleControl0,column,A,A,rangeProb1,81
80,disjunctive0,row,A,A,rangeProb1,100
80,disjunctive3,column,B,B,rangeProb1,1
80,coordination1,column,B,A,rangeProb1,50
80,coordination0,row,A,A,rangeProb1,49
80,singleControl1,row,A,B,rangeProb1,99
80,singleControl0,column,A,A,rangeProb1,50
80,threat1,row,A,B,rangeProb1,58
80,threat0,column,A,A,rangeProb1,100
80,threat3,row,B,B,rangeProb1,0
80,pd0,row,A,A,rangeProb1,100
80,pd3,row,B,B,rangeProb1,23
83,threat0,column,A,A,rangeProb1,42
83,threat1,row,A,B,rangeProb1,37
83,threat3,column,B,B,rangeProb1,93
83,disjunctive3,column,B,B,rangeProb1,11
83,disjunctive0,row,A,A,rangeProb1,91
83,pd3,column,B,B,rangeProb1,29
83,pd0,column,A,A,rangeProb1,83
83,singleControl0,column,A,A,rangeProb1,96
83,singleControl1,row,A,B,rangeProb1,32
83,coordination0,row,A,A,rangeProb1,31
83,coordination1,column,B,A,rangeProb1,10
85,pd0,column,A,A,rangeProb1,93
85,pd3,column,B,B,rangeProb1,14
85,coordination1,row,A,B,rangeProb1,87
85,coordination0,row,A,A,rangeProb1,72
85,disjunctive0,row,A,A,rangeProb1,53
85,disjunctive3,row,B,B,rangeProb1,10
85,singleControl0,column,A,A,rangeProb1,82
85,singleControl1,column,B,A,rangeProb1,25
85,threat0,column,A,A,rangeProb1,89
85,threat1,column,B,A,rangeProb1,61
85,threat3,column,B,B,rangeProb1,64
86,threat1,column,B,A,rangeProb1,51
86,threat3,row,B,B,rangeProb1,7
86,threat0,row,A,A,rangeProb1,50
86,singleControl1,column,B,A,rangeProb1,11
86,singleControl0,row,A,A,rangeProb1,50
86,coordination0,row,A,A,rangeProb1,81
86,coordination1,column,B,A,rangeProb1,51
86,disjunctive0,row,A,A,rangeProb1,88
86,disjunctive3,column,B,B,rangeProb1,51
86,pd3,column,B,B,rangeProb1,28
86,pd0,column,A,A,rangeProb1,75
87,pd3,row,B,B,rangeProb1,11
87,pd0,row,A,A,rangeProb1,72
87,disjunctive3,row,B,B,rangeProb1,50
87,disjunctive0,row,A,A,rangeProb1,82
87,threat1,column,B,A,rangeProb1,20
87,threat3,row,B,B,rangeProb1,0
87,threat0,row,A,A,rangeProb1,100
87,singleControl0,column,A,A,rangeProb1,100
87,singleControl1,row,A,B,rangeProb1,50
87,coordination1,row,A,B,rangeProb1,50
87,coordination0,row,A,A,rangeProb1,50
88,threat0,column,A,A,rangeProb1,0
88,threat3,column,B,B,rangeProb1,20
88,threat1,row,A,B,rangeProb1,50
88,singleControl1,column,B,A,rangeProb1,0
88,singleControl0,row,A,A,rangeProb1,50
88,pd3,column,B,B,rangeProb1,39
88,pd0,column,A,A,rangeProb1,76
88,coordination0,column,A,A,rangeProb1,50
88,coordination1,column,B,A,rangeProb1,50
88,disjunctive0,column,A,A,rangeProb1,44
88,disjunctive3,column,B,B,rangeProb1,69
89,coordination0,column,A,A,rangeProb1,50
89,coordination1,column,B,A,rangeProb1,6
89,singleControl1,column,B,A,rangeProb1,24
89,singleControl0,column,A,A,rangeProb1,74
89,disjunctive0,column,A,A,rangeProb1,79
89,disjunctive3,column,B,B,rangeProb1,70
89,threat3,row,B,B,rangeProb1,97
89,threat0,column,A,A,rangeProb1,77
89,threat1,row,A,B,rangeProb1,79
89,pd3,column,B,B,rangeProb1,34
89,pd0,row,A,A,rangeProb1,91
91,threat3,row,B,B,rangeProb1,23
91,threat1,column,B,A,rangeProb1,73
91,threat0,row,A,A,rangeProb1,74
91,singleControl1,column,B,A,rangeProb1,13
91,singleControl0,column,A,A,rangeProb1,76
91,coordination1,row,A,B,rangeProb1,77
91,coordination0,column,A,A,rangeProb1,76
91,pd0,column,A,A,rangeProb1,93
91,pd3,row,B,B,rangeProb1,22
91,disjunctive3,column,B,B,rangeProb1,50
91,disjunctive0,column,A,A,rangeProb1,89
93,singleControl1,row,A,B,rangeProb1,76
93,singleControl0,row,A,A,rangeProb1,77
93,threat0,row,A,A,rangeProb1,84
93,threat1,column,B,A,rangeProb1,83
93,threat3,row,B,B,rangeProb1,65
93,disjunctive0,row,A,A,rangeProb1,100
93,disjunctive3,column,B,B,rangeProb1,16
93,pd0,row,A,A,rangeProb1,85
93,pd3,row,B,B,rangeProb1,8
93,coordination1,row,A,B,rangeProb1,44
93,coordination0,row,A,A,rangeProb1,64
94,coordination1,row,A,B,rangeProb1,74
94,coordination0,column,A,A,rangeProb1,62
94,threat0,row,A,A,rangeProb1,76
94,threat3,row,B,B,rangeProb1,8
94,threat1,row,A,B,rangeProb1,76
94,singleControl0,column,A,A,rangeProb1,87
94,singleControl1,column,B,A,rangeProb1,0
94,pd3,column,B,B,rangeProb1,21
94,pd0,column,A,A,rangeProb1,100
94,disjunctive3,row,B,B,rangeProb1,15
94,disjunctive0,row,A,A,rangeProb1,80
95,coordination0,row,A,A,rangeProb1,100
95,coordination1,row,A,B,rangeProb1,75
95,pd0,column,A,A,rangeProb1,76
95,pd3,column,B,B,rangeProb1,0
95,threat1,column,B,A,rangeProb1,71
95,threat0,column,A,A,rangeProb1,61
95,threat3,row,B,B,rangeProb1,32
95,disjunctive0,column,A,A,rangeProb1,96
95,disjunctive3,column,B,B,rangeProb1,1
95,singleControl1,column,B,A,rangeProb1,15
95,singleControl0,column,A,A,rangeProb1,84
96,coordination0,column,A,A,rangeProb1,49
96,coordination1,row,A,B,rangeProb1,50
96,threat3,column,B,B,rangeProb1,45
96,threat1,row,A,B,rangeProb1,50
96,threat0,row,A,A,rangeProb1,50
96,singleControl1,column,B,A,rangeProb1,9
96,singleControl0,row,A,A,rangeProb1,50
96,pd0,row,A,A,rangeProb1,86
96,pd3,column,B,B,rangeProb1,28
96,disjunctive3,row,B,B,rangeProb1,43
96,disjunctive0,column,A,A,rangeProb1,57
98,singleControl1,column,B,A,rangeProb1,9
98,singleControl0,column,A,A,rangeProb1,88
98,disjunctive3,row,B,B,rangeProb1,95
98,disjunctive0,column,A,A,rangeProb1,92
98,threat3,column,B,B,rangeProb1,52
98,threat0,column,A,A,rangeProb1,90
98,threat1,row,A,B,rangeProb1,99
98,coordination0,column,A,A,rangeProb1,96
98,coordination1,row,A,B,rangeProb1,96
98,pd0,row,A,A,rangeProb1,97
98,pd3,row,B,B,rangeProb1,83
99,coordination0,row,A,A,rangeProb1,100
99,coordination1,row,A,B,rangeProb1,100
99,threat3,row,B,B,rangeProb1,50
99,threat0,row,A,A,rangeProb1,11
99,threat1,column,B,A,rangeProb1,26
99,singleControl1,column,B,A,rangeProb1,0
99,singleControl0,column,A,A,rangeProb1,100
99,disjunctive0,row,A,A,rangeProb1,100
99,disjunctive3,row,B,B,rangeProb1,100
99,pd3,column,B,B,rangeProb1,0
99,pd0,row,A,A,rangeProb1,100
101,singleControl0,column,A,A,rangeProb1,84
101,singleControl1,column,B,A,rangeProb1,7
101,pd3,column,B,B,rangeProb1,7
101,pd0,row,A,A,rangeProb1,10
101,disjunctive3,row,B,B,rangeProb1,66
101,disjunctive0,column,A,A,rangeProb1,78
101,threat0,row,A,A,rangeProb1,59
101,threat1,row,A,B,rangeProb1,60
101,threat3,column,B,B,rangeProb1,45
101,coordination1,row,A,B,rangeProb1,61
101,coordination0,row,A,A,rangeProb1,59
102,singleControl0,column,A,A,rangeProb1,50
102,singleControl1,row,A,B,rangeProb1,90
102,pd0,column,A,A,rangeProb1,78
102,pd3,row,B,B,rangeProb1,28
102,disjunctive0,column,A,A,rangeProb1,98
102,disjunctive3,column,B,B,rangeProb1,98
102,coordination0,row,A,A,rangeProb1,94
102,coordination1,column,B,A,rangeProb1,43
102,threat3,column,B,B,rangeProb1,37
102,threat1,row,A,B,rangeProb1,36
102,threat0,column,A,A,rangeProb1,24
1,singleControl0,column,A,A,rangeProb2,73
1,singleControl1,row,A,B,rangeProb2,42
1,pd3,column,B,B,rangeProb2,58
1,pd0,column,A,A,rangeProb2,58
1,threat1,column,B,A,rangeProb2,63
1,threat0,column,A,A,rangeProb2,44
1,threat3,column,B,B,rangeProb2,55
1,disjunctive0,row,A,A,rangeProb2,60
1,disjunctive3,row,B,B,rangeProb2,55
1,coordination0,column,A,A,rangeProb2,59
1,coordination1,column,B,A,rangeProb2,51
2,pd0,row,A,A,rangeProb2,83
2,pd3,row,B,B,rangeProb2,71
2,threat3,row,B,B,rangeProb2,18
2,threat0,column,A,A,rangeProb2,61
2,threat1,column,B,A,rangeProb2,47
2,disjunctive0,column,A,A,rangeProb2,10
2,disjunctive3,column,B,B,rangeProb2,9
2,coordination1,column,B,A,rangeProb2,17
2,coordination0,column,A,A,rangeProb2,47
2,singleControl0,row,A,A,rangeProb2,70
2,singleControl1,column,B,A,rangeProb2,66
3,pd3,column,B,B,rangeProb2,6
3,pd0,column,A,A,rangeProb2,100
3,coordination0,row,A,A,rangeProb2,50
3,coordination1,column,B,A,rangeProb2,0
3,singleControl1,column,B,A,rangeProb2,0
3,singleControl0,column,A,A,rangeProb2,50
3,threat0,row,A,A,rangeProb2,100
3,threat3,row,B,B,rangeProb2,0
3,threat1,row,A,B,rangeProb2,49
3,disjunctive3,column,B,B,rangeProb2,0
3,disjunctive0,column,A,A,rangeProb2,50
4,pd0,column,A,A,rangeProb2,100
4,pd3,row,B,B,rangeProb2,76
4,singleControl0,column,A,A,rangeProb2,92
4,singleControl1,row,A,B,rangeProb2,21
4,threat0,column,A,A,rangeProb2,81
4,threat1,column,B,A,rangeProb2,80
4,threat3,column,B,B,rangeProb2,0
4,disjunctive0,column,A,A,rangeProb2,100
4,disjunctive3,column,B,B,rangeProb2,0
4,coordination0,row,A,A,rangeProb2,100
4,coordination1,column,B,A,rangeProb2,0
5,disjunctive0,column,A,A,rangeProb2,94
5,disjunctive3,row,B,B,rangeProb2,30
5,pd3,row,B,B,rangeProb2,58
5,pd0,column,A,A,rangeProb2,84
5,threat1,column,B,A,rangeProb2,52
5,threat0,row,A,A,rangeProb2,67
5,threat3,row,B,B,rangeProb2,14
5,coordination0,row,A,A,rangeProb2,49
5,coordination1,row,A,B,rangeProb2,1
5,singleControl1,column,B,A,rangeProb2,49
5,singleControl0,column,A,A,rangeProb2,92
7,threat1,column,B,A,rangeProb2,54
7,threat3,row,B,B,rangeProb2,47
7,threat0,row,A,A,rangeProb2,49
7,disjunctive0,column,A,A,rangeProb2,60
7,disjunctive3,column,B,B,rangeProb2,53
7,singleControl0,row,A,A,rangeProb2,57
7,singleControl1,row,A,B,rangeProb2,42
7,pd3,column,B,B,rangeProb2,52
7,pd0,column,A,A,rangeProb2,52
7,coordination0,row,A,A,rangeProb2,54
7,coordination1,column,B,A,rangeProb2,56
8,threat0,row,A,A,rangeProb2,100
8,threat3,row,B,B,rangeProb2,0
8,threat1,row,A,B,rangeProb2,51
8,coordination1,column,B,A,rangeProb2,12
8,coordination0,column,A,A,rangeProb2,49
8,singleControl1,row,A,B,rangeProb2,0
8,singleControl0,row,A,A,rangeProb2,90
8,pd3,column,B,B,rangeProb2,0
8,pd0,column,A,A,rangeProb2,100
8,disjunctive3,row,B,B,rangeProb2,0
8,disjunctive0,column,A,A,rangeProb2,55
9,pd0,row,A,A,rangeProb2,86
9,pd3,column,B,B,rangeProb2,29
9,disjunctive3,row,B,B,rangeProb2,25
9,disjunctive0,column,A,A,rangeProb2,66
9,threat0,column,A,A,rangeProb2,67
9,threat3,row,B,B,rangeProb2,93
9,threat1,row,A,B,rangeProb2,29
9,coordination0,row,A,A,rangeProb2,69
9,coordination1,row,A,B,rangeProb2,14
9,singleControl1,column,B,A,rangeProb2,24
9,singleControl0,column,A,A,rangeProb2,77
10,coordination1,row,A,B,rangeProb2,0
10,coordination0,column,A,A,rangeProb2,50
10,pd3,column,B,B,rangeProb2,49
10,pd0,row,A,A,rangeProb2,71
10,threat1,column,B,A,rangeProb2,50
10,threat0,row,A,A,rangeProb2,72
10,threat3,column,B,B,rangeProb2,10
10,disjunctive0,row,A,A,rangeProb2,50
10,disjunctive3,row,B,B,rangeProb2,0
10,singleControl0,column,A,A,rangeProb2,50
10,singleControl1,column,B,A,rangeProb2,51
11,pd3,column,B,B,rangeProb2,21
11,pd0,column,A,A,rangeProb2,90
11,disjunctive3,column,B,B,rangeProb2,76
11,disjunctive0,row,A,A,rangeProb2,88
11,threat0,row,A,A,rangeProb2,26
11,threat1,row,A,B,rangeProb2,77
11,threat3,row,B,B,rangeProb2,34
11,singleControl0,column,A,A,rangeProb2,68
11,singleControl1,row,A,B,rangeProb2,55
11,coordination0,row,A,A,rangeProb2,84
11,coordination1,row,A,B,rangeProb2,65
12,threat3,column,B,B,rangeProb2,79
12,threat1,row,A,B,rangeProb2,64
12,threat0,row,A,A,rangeProb2,90
12,disjunctive3,column,B,B,rangeProb2,17
12,disjunctive0,row,A,A,rangeProb2,79
12,coordination0,column,A,A,rangeProb2,73
12,coordination1,column,B,A,rangeProb2,2
12,singleControl0,column,A,A,rangeProb2,72
12,singleControl1,row,A,B,rangeProb2,15
12,pd0,column,A,A,rangeProb2,87
12,pd3,row,B,B,rangeProb2,57
13,pd0,column,A,A,rangeProb2,100
13,pd3,column,B,B,rangeProb2,2
13,disjunctive3,column,B,B,rangeProb2,0
13,disjunctive0,column,A,A,rangeProb2,100
13,coordination1,row,A,B,rangeProb2,6
13,coordination0,column,A,A,rangeProb2,100
13,singleControl1,row,A,B,rangeProb2,26
13,singleControl0,row,A,A,rangeProb2,92
13,threat1,column,B,A,rangeProb2,61
13,threat0,column,A,A,rangeProb2,100
13,threat3,column,B,B,rangeProb2,0
14,coordination1,column,B,A,rangeProb2,30
14,coordination0,row,A,A,rangeProb2,78
14,pd0,row,A,A,rangeProb2,90
14,pd3,column,B,B,rangeProb2,39
14,disjunctive3,row,B,B,rangeProb2,6
14,disjunctive0,row,A,A,rangeProb2,90
14,singleControl1,row,A,B,rangeProb2,97
14,singleControl0,column,A,A,rangeProb2,78
14,threat3,row,B,B,rangeProb2,4
14,threat0,column,A,A,rangeProb2,72
14,threat1,row,A,B,rangeProb2,36
15,singleControl0,row,A,A,rangeProb2,98
15,singleControl1,column,B,A,rangeProb2,88
15,threat0,column,A,A,rangeProb2,26
15,threat1,row,A,B,rangeProb2,77
15,threat3,column,B,B,rangeProb2,91
15,coordination0,row,A,A,rangeProb2,63
15,coordination1,column,B,A,rangeProb2,10
15,disjunctive3,column,B,B,rangeProb2,10
15,disjunctive0,column,A,A,rangeProb2,51
15,pd0,row,A,A,rangeProb2,100
15,pd3,column,B,B,rangeProb2,60
16,threat1,row,A,B,rangeProb2,50
16,threat0,row,A,A,rangeProb2,100
16,threat3,row,B,B,rangeProb2,0
16,pd3,column,B,B,rangeProb2,0
16,pd0,row,A,A,rangeProb2,100
16,singleControl0,row,A,A,rangeProb2,100
16,singleControl1,row,A,B,rangeProb2,0
16,disjunctive3,row,B,B,rangeProb2,0
16,disjunctive0,column,A,A,rangeProb2,51
16,coordination1,column,B,A,rangeProb2,0
16,coordination0,column,A,A,rangeProb2,83
17,pd0,column,A,A,rangeProb2,67
17,pd3,column,B,B,rangeProb2,34
17,coordination1,column,B,A,rangeProb2,50
17,coordination0,row,A,A,rangeProb2,50
17,disjunctive0,column,A,A,rangeProb2,50
17,disjunctive3,row,B,B,rangeProb2,35
17,singleControl0,column,A,A,rangeProb2,96
17,singleControl1,column,B,A,rangeProb2,26
17,threat3,column,B,B,rangeProb2,10
17,threat1,column,B,A,rangeProb2,62
17,threat0,column,A,A,rangeProb2,91
18,threat1,column,B,A,rangeProb2,76
18,threat0,row,A,A,rangeProb2,90
18,threat3,row,B,B,rangeProb2,12
18,pd3,row,B,B,rangeProb2,11
18,pd0,row,A,A,rangeProb2,100
18,singleControl1,column,B,A,rangeProb2,87
18,singleControl0,row,A,A,rangeProb2,88
18,disjunctive3,column,B,B,rangeProb2,0
18,disjunctive0,row,A,A,rangeProb2,100
18,coordination1,row,A,B,rangeProb2,0
18,coordination0,column,A,A,rangeProb2,85
19,threat3,column,B,B,rangeProb2,0
19,threat0,column,A,A,rangeProb2,76
19,threat1,row,A,B,rangeProb2,43
19,singleControl0,column,A,A,rangeProb2,67
19,singleControl1,row,A,B,rangeProb2,0
19,pd0,row,A,A,rangeProb2,100
19,pd3,column,B,B,rangeProb2,17
19,coordination1,row,A,B,rangeProb2,0
19,coordination0,row,A,A,rangeProb2,72
19,disjunctive3,column,B,B,rangeProb2,0
19,disjunctive0,row,A,A,rangeProb2,44
20,pd3,column,B,B,rangeProb2,7
20,pd0,column,A,A,rangeProb2,100
20,singleControl1,row,A,B,rangeProb2,0
20,singleControl0,row,A,A,rangeProb2,71
20,disjunctive3,column,B,B,rangeProb2,0
20,disjunctive0,row,A,A,rangeProb2,51
20,coordination1,column,B,A,rangeProb2,1
20,coordination0,column,A,A,rangeProb2,58
20,threat0,column,A,A,rangeProb2,100
20,threat1,column,B,A,rangeProb2,50
20,threat3,column,B,B,rangeProb2,0
22,disjunctive0,column,A,A,rangeProb2,61
22,disjunctive3,column,B,B,rangeProb2,2
22,singleControl1,row,A,B,rangeProb2,50
22,singleControl0,row,A,A,rangeProb2,50
22,pd0,row,A,A,rangeProb2,35
22,pd3,column,B,B,rangeProb2,50
22,coordination1,column,B,A,rangeProb2,50
22,coordination0,row,A,A,rangeProb2,50
22,threat3,row,B,B,rangeProb2,50
22,threat0,row,A,A,rangeProb2,50
22,threat1,row,A,B,rangeProb2,50
23,coordination1,row,A,B,rangeProb2,2
23,coordination0,column,A,A,rangeProb2,95
23,threat0,column,A,A,rangeProb2,57
23,threat3,row,B,B,rangeProb2,7
23,threat1,column,B,A,rangeProb2,53
23,pd0,row,A,A,rangeProb2,94
23,pd3,column,B,B,rangeProb2,9
23,singleControl1,row,A,B,rangeProb2,5
23,singleControl0,column,A,A,rangeProb2,94
23,disjunctive3,column,B,B,rangeProb2,4
23,disjunctive0,column,A,A,rangeProb2,66
24,coordination1,row,A,B,rangeProb2,0
24,coordination0,column,A,A,rangeProb2,100
24,disjunctive3,row,B,B,rangeProb2,0
24,disjunctive0,column,A,A,rangeProb2,100
24,pd0,row,A,A,rangeProb2,100
24,pd3,column,B,B,rangeProb2,50
24,threat3,row,B,B,rangeProb2,50
24,threat1,row,A,B,rangeProb2,50
24,threat0,column,A,A,rangeProb2,100
24,singleControl1,row,A,B,rangeProb2,0
24,singleControl0,column,A,A,rangeProb2,100
25,pd3,row,B,B,rangeProb2,86
25,pd0,row,A,A,rangeProb2,88
25,threat0,row,A,A,rangeProb2,90
25,threat1,row,A,B,rangeProb2,50
25,threat3,column,B,B,rangeProb2,50
25,coordination1,row,A,B,rangeProb2,50
25,coordination0,column,A,A,rangeProb2,77
25,disjunctive0,column,A,A,rangeProb2,83
25,disjunctive3,row,B,B,rangeProb2,10
25,singleControl1,row,A,B,rangeProb2,7
25,singleControl0,column,A,A,rangeProb2,76
26,singleControl0,row,A,A,rangeProb2,74
26,singleControl1,row,A,B,rangeProb2,43
26,threat0,row,A,A,rangeProb2,37
26,threat1,row,A,B,rangeProb2,39
26,threat3,row,B,B,rangeProb2,47
26,disjunctive3,row,B,B,rangeProb2,10
26,disjunctive0,column,A,A,rangeProb2,100
26,pd3,row,B,B,rangeProb2,87
26,pd0,column,A,A,rangeProb2,91
26,coordination1,column,B,A,rangeProb2,0
26,coordination0,row,A,A,rangeProb2,79
27,singleControl0,row,A,A,rangeProb2,90
27,singleControl1,column,B,A,rangeProb2,12
27,pd0,column,A,A,rangeProb2,94
27,pd3,column,B,B,rangeProb2,10
27,coordination1,row,A,B,rangeProb2,43
27,coordination0,column,A,A,rangeProb2,99
27,disjunctive0,row,A,A,rangeProb2,94
27,disjunctive3,column,B,B,rangeProb2,94
27,threat0,row,A,A,rangeProb2,50
27,threat3,row,B,B,rangeProb2,54
27,threat1,row,A,B,rangeProb2,53
28,disjunctive3,row,B,B,rangeProb2,0
28,disjunctive0,column,A,A,rangeProb2,100
28,pd0,row,A,A,rangeProb2,100
28,pd3,row,B,B,rangeProb2,98
28,coordination1,column,B,A,rangeProb2,0
28,coordination0,row,A,A,rangeProb2,100
28,threat1,column,B,A,rangeProb2,69
28,threat0,column,A,A,rangeProb2,60
28,threat3,row,B,B,rangeProb2,0
28,singleControl0,column,A,A,rangeProb2,100
28,singleControl1,row,A,B,rangeProb2,0
29,pd0,row,A,A,rangeProb2,96
29,pd3,column,B,B,rangeProb2,9
29,coordination0,row,A,A,rangeProb2,59
29,coordination1,row,A,B,rangeProb2,0
29,disjunctive3,column,B,B,rangeProb2,0
29,disjunctive0,row,A,A,rangeProb2,50
29,singleControl0,column,A,A,rangeProb2,92
29,singleControl1,column,B,A,rangeProb2,0
29,threat1,column,B,A,rangeProb2,41
29,threat0,column,A,A,rangeProb2,93
29,threat3,row,B,B,rangeProb2,0
30,singleControl1,row,A,B,rangeProb2,10
30,singleControl0,column,A,A,rangeProb2,97
30,threat0,row,A,A,rangeProb2,95
30,threat1,row,A,B,rangeProb2,63
30,threat3,row,B,B,rangeProb2,10
30,disjunctive0,column,A,A,rangeProb2,98
30,disjunctive3,column,B,B,rangeProb2,3
30,pd3,column,B,B,rangeProb2,53
30,pd0,column,A,A,rangeProb2,94
30,coordination0,row,A,A,rangeProb2,96
30,coordination1,column,B,A,rangeProb2,12
31,threat3,row,B,B,rangeProb2,5
31,threat0,row,A,A,rangeProb2,100
31,threat1,row,A,B,rangeProb2,24
31,coordination1,column,B,A,rangeProb2,5
31,coordination0,column,A,A,rangeProb2,90
31,singleControl1,column,B,A,rangeProb2,82
31,singleControl0,row,A,A,rangeProb2,100
31,pd0,row,A,A,rangeProb2,98
31,pd3,row,B,B,rangeProb2,35
31,disjunctive0,column,A,A,rangeProb2,99
31,disjunctive3,row,B,B,rangeProb2,10
32,disjunctive0,row,A,A,rangeProb2,100
32,disjunctive3,row,B,B,rangeProb2,3
32,pd3,column,B,B,rangeProb2,55
32,pd0,row,A,A,rangeProb2,100
32,coordination0,column,A,A,rangeProb2,85
32,coordination1,column,B,A,rangeProb2,0
32,singleControl0,column,A,A,rangeProb2,99
32,singleControl1,column,B,A,rangeProb2,0
32,threat1,row,A,B,rangeProb2,79
32,threat0,row,A,A,rangeProb2,100
32,threat3,column,B,B,rangeProb2,43
33,pd3,column,B,B,rangeProb2,27
33,pd0,row,A,A,rangeProb2,94
33,singleControl0,row,A,A,rangeProb2,87
33,singleControl1,column,B,A,rangeProb2,50
33,coordination0,column,A,A,rangeProb2,96
33,coordination1,column,B,A,rangeProb2,56
33,threat1,column,B,A,rangeProb2,35
33,threat3,column,B,B,rangeProb2,64
33,threat0,column,A,A,rangeProb2,58
33,disjunctive3,column,B,B,rangeProb2,17
33,disjunctive0,row,A,A,rangeProb2,100
34,coordination0,column,A,A,rangeProb2,85
34,coordination1,row,A,B,rangeProb2,37
34,singleControl1,row,A,B,rangeProb2,54
34,singleControl0,column,A,A,rangeProb2,61
34,threat3,column,B,B,rangeProb2,57
34,threat0,column,A,A,rangeProb2,53
34,threat1,row,A,B,rangeProb2,54
34,disjunctive0,column,A,A,rangeProb2,56
34,disjunctive3,column,B,B,rangeProb2,36
34,pd0,row,A,A,rangeProb2,72
34,pd3,row,B,B,rangeProb2,55
35,singleControl0,column,A,A,rangeProb2,100
35,singleControl1,row,A,B,rangeProb2,32
35,coordination1,column,B,A,rangeProb2,76
35,coordination0,row,A,A,rangeProb2,100
35,disjunctive3,column,B,B,rangeProb2,4
35,disjunctive0,row,A,A,rangeProb2,100
35,threat3,row,B,B,rangeProb2,0
35,threat0,row,A,A,rangeProb2,57
35,threat1,row,A,B,rangeProb2,32
35,pd3,column,B,B,rangeProb2,47
35,pd0,row,A,A,rangeProb2,99
36,coordination1,row,A,B,rangeProb2,2
36,coordination0,row,A,A,rangeProb2,93
36,disjunctive3,column,B,B,rangeProb2,9
36,disjunctive0,row,A,A,rangeProb2,93
36,singleControl0,row,A,A,rangeProb2,91
36,singleControl1,column,B,A,rangeProb2,9
36,threat0,column,A,A,rangeProb2,94
36,threat1,row,A,B,rangeProb2,90
36,threat3,column,B,B,rangeProb2,5
36,pd0,row,A,A,rangeProb2,93
36,pd3,row,B,B,rangeProb2,93
37,threat0,column,A,A,rangeProb2,62
37,threat3,row,B,B,rangeProb2,22
37,threat1,row,A,B,rangeProb2,55
37,disjunctive3,column,B,B,rangeProb2,0
37,disjunctive0,row,A,A,rangeProb2,71
37,pd3,column,B,B,rangeProb2,59
37,pd0,column,A,A,rangeProb2,79
37,coordination0,row,A,A,rangeProb2,70
37,coordination1,row,A,B,rangeProb2,0
37,singleControl0,row,A,A,rangeProb2,79
37,singleControl1,row,A,B,rangeProb2,12
38,singleControl0,row,A,A,rangeProb2,95
38,singleControl1,column,B,A,rangeProb2,26
38,pd3,column,B,B,rangeProb2,48
38,pd0,row,A,A,rangeProb2,95
38,threat0,row,A,A,rangeProb2,73
38,threat3,row,B,B,rangeProb2,36
38,threat1,column,B,A,rangeProb2,70
38,coordination0,column,A,A,rangeProb2,94
38,coordination1,row,A,B,rangeProb2,11
38,disjunctive3,row,B,B,rangeProb2,24
38,disjunctive0,row,A,A,rangeProb2,95
39,disjunctive0,column,A,A,rangeProb2,77
39,disjunctive3,row,B,B,rangeProb2,0
39,coordination1,row,A,B,rangeProb2,0
39,coordination0,row,A,A,rangeProb2,98
39,pd0,row,A,A,rangeProb2,94
39,pd3,row,B,B,rangeProb2,23
39,threat0,column,A,A,rangeProb2,99
39,threat3,row,B,B,rangeProb2,0
39,threat1,row,A,B,rangeProb2,50
39,singleControl0,row,A,A,rangeProb2,90
39,singleControl1,column,B,A,rangeProb2,0
40,threat0,row,A,A,rangeProb2,99
40,threat1,column,B,A,rangeProb2,28
40,threat3,row,B,B,rangeProb2,22
40,pd0,row,A,A,rangeProb2,99
40,pd3,column,B,B,rangeProb2,12
40,coordination0,column,A,A,rangeProb2,52
40,coordination1,row,A,B,rangeProb2,0
40,singleControl0,row,A,A,rangeProb2,66
40,singleControl1,column,B,A,rangeProb2,0
40,disjunctive0,row,A,A,rangeProb2,53
40,disjunctive3,row,B,B,rangeProb2,0
41,disjunctive3,row,B,B,rangeProb2,0
41,disjunctive0,row,A,A,rangeProb2,49
41,threat0,column,A,A,rangeProb2,100
41,threat3,column,B,B,rangeProb2,0
41,threat1,column,B,A,rangeProb2,82
41,singleControl1,column,B,A,rangeProb2,0
41,singleControl0,row,A,A,rangeProb2,100
41,pd3,column,B,B,rangeProb2,0
41,pd0,row,A,A,rangeProb2,100
41,coordination1,column,B,A,rangeProb2,0
41,coordination0,row,A,A,rangeProb2,50
42,threat0,row,A,A,rangeProb2,42
42,threat1,column,B,A,rangeProb2,68
42,threat3,row,B,B,rangeProb2,12
42,coordination1,column,B,A,rangeProb2,100
42,coordination0,column,A,A,rangeProb2,100
42,pd3,row,B,B,rangeProb2,90
42,pd0,row,A,A,rangeProb2,100
42,singleControl0,column,A,A,rangeProb2,100
42,singleControl1,column,B,A,rangeProb2,61
42,disjunctive0,column,A,A,rangeProb2,100
42,disjunctive3,column,B,B,rangeProb2,100
43,disjunctive0,column,A,A,rangeProb2,52
43,disjunctive3,row,B,B,rangeProb2,53
43,threat0,row,A,A,rangeProb2,74
43,threat1,row,A,B,rangeProb2,63
43,threat3,row,B,B,rangeProb2,58
43,singleControl1,row,A,B,rangeProb2,28
43,singleControl0,column,A,A,rangeProb2,62
43,coordination1,column,B,A,rangeProb2,11
43,coordination0,column,A,A,rangeProb2,66
43,pd3,column,B,B,rangeProb2,54
43,pd0,row,A,A,rangeProb2,65
44,pd0,column,A,A,rangeProb2,100
44,pd3,column,B,B,rangeProb2,35
44,disjunctive3,column,B,B,rangeProb2,8
44,disjunctive0,row,A,A,rangeProb2,49
44,singleControl1,row,A,B,rangeProb2,31
44,singleControl0,column,A,A,rangeProb2,92
44,coordination1,row,A,B,rangeProb2,38
44,coordination0,column,A,A,rangeProb2,52
44,threat0,column,A,A,rangeProb2,92
44,threat1,row,A,B,rangeProb2,50
44,threat3,column,B,B,rangeProb2,25
46,threat0,column,A,A,rangeProb2,43
46,threat3,row,B,B,rangeProb2,36
46,threat1,row,A,B,rangeProb2,64
46,coordination1,column,B,A,rangeProb2,40
46,coordination0,column,A,A,rangeProb2,56
46,singleControl1,column,B,A,rangeProb2,65
46,singleControl0,row,A,A,rangeProb2,66
46,disjunctive0,column,A,A,rangeProb2,62
46,disjunctive3,row,B,B,rangeProb2,26
46,pd0,column,A,A,rangeProb2,60
46,pd3,column,B,B,rangeProb2,48
47,pd3,column,B,B,rangeProb2,84
47,pd0,column,A,A,rangeProb2,98
47,threat3,column,B,B,rangeProb2,2
47,threat1,column,B,A,rangeProb2,50
47,threat0,row,A,A,rangeProb2,96
47,coordination0,column,A,A,rangeProb2,50
47,coordination1,column,B,A,rangeProb2,22
47,singleControl0,row,A,A,rangeProb2,100
47,singleControl1,row,A,B,rangeProb2,0
47,disjunctive3,row,B,B,rangeProb2,1
47,disjunctive0,row,A,A,rangeProb2,50
48,pd3,column,B,B,rangeProb2,12
48,pd0,column,A,A,rangeProb2,100
48,coordination0,row,A,A,rangeProb2,53
48,coordination1,row,A,B,rangeProb2,0
48,threat1,row,A,B,rangeProb2,45
48,threat3,row,B,B,rangeProb2,0
48,threat0,row,A,A,rangeProb2,100
48,singleControl0,column,A,A,rangeProb2,100
48,singleControl1,row,A,B,rangeProb2,0
48,disjunctive0,column,A,A,rangeProb2,54
48,disjunctive3,column,B,B,rangeProb2,0
51,disjunctive3,column,B,B,rangeProb2,0
51,disjunctive0,row,A,A,rangeProb2,100
51,coordination1,row,A,B,rangeProb2,0
51,coordination0,row,A,A,rangeProb2,100
51,threat1,row,A,B,rangeProb2,23
51,threat3,row,B,B,rangeProb2,0
51,threat0,row,A,A,rangeProb2,100
51,singleControl1,row,A,B,rangeProb2,3
51,singleControl0,column,A,A,rangeProb2,100
51,pd3,column,B,B,rangeProb2,74
51,pd0,row,A,A,rangeProb2,100
52,coordination1,row,A,B,rangeProb2,99
52,coordination0,column,A,A,rangeProb2,99
52,disjunctive3,column,B,B,rangeProb2,52
52,disjunctive0,column,A,A,rangeProb2,99
52,singleControl0,row,A,A,rangeProb2,97
52,singleControl1,column,B,A,rangeProb2,97
52,threat0,column,A,A,rangeProb2,26
52,threat1,column,B,A,rangeProb2,35
52,threat3,column,B,B,rangeProb2,93
52,pd3,column,B,B,rangeProb2,75
52,pd0,column,A,A,rangeProb2,88
53,threat1,column,B,A,rangeProb2,53
53,threat3,column,B,B,rangeProb2,33
53,threat0,row,A,A,rangeProb2,50
53,singleControl0,column,A,A,rangeProb2,99
53,singleControl1,column,B,A,rangeProb2,1
53,coordination0,row,A,A,rangeProb2,100
53,coordination1,column,B,A,rangeProb2,87
53,disjunctive0,column,A,A,rangeProb2,100
53,disjunctive3,row,B,B,rangeProb2,1
53,pd0,row,A,A,rangeProb2,78
53,pd3,column,B,B,rangeProb2,53
54,coordination1,row,A,B,rangeProb2,53
54,coordination0,column,A,A,rangeProb2,100
54,pd0,row,A,A,rangeProb2,100
54,pd3,row,B,B,rangeProb2,13
54,threat3,row,B,B,rangeProb2,0
54,threat0,row,A,A,rangeProb2,100
54,threat1,row,A,B,rangeProb2,37
54,singleControl1,column,B,A,rangeProb2,51
54,singleControl0,column,A,A,rangeProb2,99
54,disjunctive3,row,B,B,rangeProb2,0
54,disjunctive0,row,A,A,rangeProb2,100
55,pd3,row,B,B,rangeProb2,100
55,pd0,row,A,A,rangeProb2,2
55,disjunctive3,column,B,B,rangeProb2,100
55,disjunctive0,column,A,A,rangeProb2,100
55,singleControl0,row,A,A,rangeProb2,100
55,singleControl1,row,A,B,rangeProb2,0
55,coordination0,column,A,A,rangeProb2,100
55,coordination1,column,B,A,rangeProb2,0
55,threat0,column,A,A,rangeProb2,100
55,threat3,column,B,B,rangeProb2,0
55,threat1,row,A,B,rangeProb2,100
56,pd0,column,A,A,rangeProb2,100
56,pd3,column,B,B,rangeProb2,39
56,disjunctive0,column,A,A,rangeProb2,61
56,disjunctive3,row,B,B,rangeProb2,0
56,threat0,column,A,A,rangeProb2,47
56,threat1,column,B,A,rangeProb2,43
56,threat3,column,B,B,rangeProb2,1
56,coordination1,row,A,B,rangeProb2,10
56,coordination0,column,A,A,rangeProb2,59
56,singleControl0,row,A,A,rangeProb2,56
56,singleControl1,column,B,A,rangeProb2,0
58,threat0,row,A,A,rangeProb2,82
58,threat1,row,A,B,rangeProb2,33
58,threat3,row,B,B,rangeProb2,15
58,singleControl0,row,A,A,rangeProb2,87
58,singleControl1,row,A,B,rangeProb2,13
58,disjunctive0,column,A,A,rangeProb2,50
58,disjunctive3,row,B,B,rangeProb2,1
58,coordination0,row,A,A,rangeProb2,81
58,coordination1,row,A,B,rangeProb2,7
58,pd3,row,B,B,rangeProb2,25
58,pd0,row,A,A,rangeProb2,86
60,disjunctive3,row,B,B,rangeProb2,0
60,disjunctive0,row,A,A,rangeProb2,51
60,threat3,column,B,B,rangeProb2,0
60,threat1,row,A,B,rangeProb2,50
60,threat0,column,A,A,rangeProb2,48
60,pd0,row,A,A,rangeProb2,100
60,pd3,column,B,B,rangeProb2,48
60,singleControl0,column,A,A,rangeProb2,100
60,singleControl1,row,A,B,rangeProb2,0
60,coordination1,column,B,A,rangeProb2,0
60,coordination0,row,A,A,rangeProb2,58
62,singleControl1,row,A,B,rangeProb2,3
62,singleControl0,column,A,A,rangeProb2,63
62,coordination0,column,A,A,rangeProb2,59
62,coordination1,column,B,A,rangeProb2,3
62,disjunctive3,row,B,B,rangeProb2,4
62,disjunctive0,column,A,A,rangeProb2,50
62,threat1,column,B,A,rangeProb2,50
62,threat3,column,B,B,rangeProb2,4
62,threat0,row,A,A,rangeProb2,99
62,pd3,column,B,B,rangeProb2,96
62,pd0,column,A,A,rangeProb2,98
63,disjunctive0,column,A,A,rangeProb2,95
63,disjunctive3,row,B,B,rangeProb2,1
63,threat1,column,B,A,rangeProb2,66
63,threat3,column,B,B,rangeProb2,9
63,threat0,column,A,A,rangeProb2,99
63,singleControl0,row,A,A,rangeProb2,100
63,singleControl1,column,B,A,rangeProb2,48
63,coordination1,row,A,B,rangeProb2,51
63,coordination0,row,A,A,rangeProb2,66
63,pd3,row,B,B,rangeProb2,51
63,pd0,row,A,A,rangeProb2,98
64,singleControl0,row,A,A,rangeProb2,100
64,singleControl1,row,A,B,rangeProb2,0
64,disjunctive3,row,B,B,rangeProb2,50
64,disjunctive0,column,A,A,rangeProb2,100
64,coordination1,row,A,B,rangeProb2,50
64,coordination0,column,A,A,rangeProb2,100
64,threat3,row,B,B,rangeProb2,0
64,threat1,column,B,A,rangeProb2,100
64,threat0,column,A,A,rangeProb2,71
64,pd3,column,B,B,rangeProb2,100
64,pd0,row,A,A,rangeProb2,100
65,threat0,row,A,A,rangeProb2,100
65,threat1,column,B,A,rangeProb2,100
65,threat3,row,B,B,rangeProb2,0
65,coordination0,column,A,A,rangeProb2,100
65,coordination1,row,A,B,rangeProb2,0
65,disjunctive3,column,B,B,rangeProb2,0
65,disjunctive0,column,A,A,rangeProb2,100
65,singleControl0,row,A,A,rangeProb2,100
65,singleControl1,row,A,B,rangeProb2,0
65,pd3,column,B,B,rangeProb2,18
65,pd0,row,A,A,rangeProb2,100
68,coordination1,column,B,A,rangeProb2,100
68,coordination0,row,A,A,rangeProb2,89
68,pd0,column,A,A,rangeProb2,100
68,pd3,column,B,B,rangeProb2,73
68,disjunctive3,row,B,B,rangeProb2,0
68,disjunctive0,row,A,A,rangeProb2,98
68,threat0,row,A,A,rangeProb2,82
68,threat3,row,B,B,rangeProb2,6
68,threat1,row,A,B,rangeProb2,9
68,singleControl1,column,B,A,rangeProb2,39
68,singleControl0,column,A,A,rangeProb2,100
69,disjunctive3,row,B,B,rangeProb2,0
69,disjunctive0,column,A,A,rangeProb2,100
69,threat3,row,B,B,rangeProb2,0
69,threat0,row,A,A,rangeProb2,90
69,threat1,row,A,B,rangeProb2,52
69,coordination0,row,A,A,rangeProb2,100
69,coordination1,row,A,B,rangeProb2,0
69,pd0,row,A,A,rangeProb2,100
69,pd3,row,B,B,rangeProb2,100
69,singleControl1,row,A,B,rangeProb2,0
69,singleControl0,column,A,A,rangeProb2,81
72,threat3,column,B,B,rangeProb2,95
72,threat0,column,A,A,rangeProb2,84
72,threat1,row,A,B,rangeProb2,31
72,singleControl1,row,A,B,rangeProb2,3
72,singleControl0,column,A,A,rangeProb2,50
72,coordination0,column,A,A,rangeProb2,98
72,coordination1,row,A,B,rangeProb2,6
72,disjunctive0,column,A,A,rangeProb2,54
72,disjunctive3,row,B,B,rangeProb2,4
72,pd3,row,B,B,rangeProb2,56
72,pd0,column,A,A,rangeProb2,100
73,singleControl0,column,A,A,rangeProb2,99
73,singleControl1,column,B,A,rangeProb2,43
73,pd0,row,A,A,rangeProb2,97
73,pd3,row,B,B,rangeProb2,19
73,threat0,column,A,A,rangeProb2,100
73,threat1,row,A,B,rangeProb2,35
73,threat3,row,B,B,rangeProb2,7
73,coordination0,row,A,A,rangeProb2,72
73,coordination1,column,B,A,rangeProb2,0
73,disjunctive3,row,B,B,rangeProb2,0
73,disjunctive0,column,A,A,rangeProb2,71
74,coordination0,column,A,A,rangeProb2,71
74,coordination1,column,B,A,rangeProb2,4
74,threat3,column,B,B,rangeProb2,0
74,threat0,column,A,A,rangeProb2,100
74,threat1,row,A,B,rangeProb2,35
74,pd3,column,B,B,rangeProb2,0
74,pd0,column,A,A,rangeProb2,100
74,singleControl0,column,A,A,rangeProb2,55
74,singleControl1,column,B,A,rangeProb2,0
74,disjunctive3,row,B,B,rangeProb2,0
74,disjunctive0,column,A,A,rangeProb2,49
75,pd0,row,A,A,rangeProb2,97
75,pd3,row,B,B,rangeProb2,28
75,coordination1,column,B,A,rangeProb2,8
75,coordination0,row,A,A,rangeProb2,95
75,threat3,row,B,B,rangeProb2,5
75,threat0,row,A,A,rangeProb2,95
75,threat1,column,B,A,rangeProb2,89
75,disjunctive3,row,B,B,rangeProb2,0
75,disjunctive0,row,A,A,rangeProb2,98
75,singleControl0,row,A,A,rangeProb2,94
75,singleControl1,column,B,A,rangeProb2,1
77,coordination1,row,A,B,rangeProb2,100
77,coordination0,row,A,A,rangeProb2,100
77,disjunctive0,row,A,A,rangeProb2,100
77,disjunctive3,column,B,B,rangeProb2,100
77,pd0,row,A,A,rangeProb2,100
77,pd3,column,B,B,rangeProb2,100
77,singleControl0,column,A,A,rangeProb2,100
77,singleControl1,row,A,B,rangeProb2,1
77,threat1,column,B,A,rangeProb2,47
77,threat0,column,A,A,rangeProb2,84
77,threat3,row,B,B,rangeProb2,6
78,disjunctive3,column,B,B,rangeProb2,0
78,disjunctive0,column,A,A,rangeProb2,77
78,pd3,row,B,B,rangeProb2,43
78,pd0,row,A,A,rangeProb2,100
78,coordination1,column,B,A,rangeProb2,0
78,coordination0,column,A,A,rangeProb2,53
78,threat1,column,B,A,rangeProb2,49
78,threat0,column,A,A,rangeProb2,52
78,threat3,column,B,B,rangeProb2,34
78,singleControl1,column,B,A,rangeProb2,39
78,singleControl0,column,A,A,rangeProb2,50
80,disjunctive0,row,A,A,rangeProb2,50
80,disjunctive3,column,B,B,rangeProb2,0
80,coordination1,column,B,A,rangeProb2,0
80,coordination0,row,A,A,rangeProb2,47
80,singleControl1,row,A,B,rangeProb2,0
80,singleControl0,column,A,A,rangeProb2,50
80,threat1,row,A,B,rangeProb2,34
80,threat0,column,A,A,rangeProb2,100
80,threat3,row,B,B,rangeProb2,0
80,pd0,row,A,A,rangeProb2,100
80,pd3,row,B,B,rangeProb2,11
83,threat0,column,A,A,rangeProb2,77
83,threat1,row,A,B,rangeProb2,11
83,threat3,column,B,B,rangeProb2,75
83,disjunctive3,column,B,B,rangeProb2,70
83,disjunctive0,row,A,A,rangeProb2,86
83,pd3,column,B,B,rangeProb2,15
83,pd0,column,A,A,rangeProb2,29
83,singleControl0,column,A,A,rangeProb2,84
83,singleControl1,row,A,B,rangeProb2,84
83,coordination0,row,A,A,rangeProb2,71
83,coordination1,column,B,A,rangeProb2,21
85,pd0,column,A,A,rangeProb2,97
85,pd3,column,B,B,rangeProb2,54
85,coordination1,row,A,B,rangeProb2,6
85,coordination0,row,A,A,rangeProb2,92
85,disjunctive0,row,A,A,rangeProb2,57
85,disjunctive3,row,B,B,rangeProb2,3
85,singleControl0,column,A,A,rangeProb2,58
85,singleControl1,column,B,A,rangeProb2,43
85,threat0,column,A,A,rangeProb2,55
85,threat1,column,B,A,rangeProb2,63
85,threat3,column,B,B,rangeProb2,13
86,threat1,column,B,A,rangeProb2,49
86,threat3,row,B,B,rangeProb2,6
86,threat0,row,A,A,rangeProb2,85
86,singleControl1,column,B,A,rangeProb2,85
86,singleControl0,row,A,A,rangeProb2,95
86,coordination0,row,A,A,rangeProb2,98
86,coordination1,column,B,A,rangeProb2,50
86,disjunctive0,row,A,A,rangeProb2,97
86,disjunctive3,column,B,B,rangeProb2,3
86,pd3,column,B,B,rangeProb2,27
86,pd0,column,A,A,rangeProb2,97
87,pd3,row,B,B,rangeProb2,69
87,pd0,row,A,A,rangeProb2,100
87,disjunctive3,row,B,B,rangeProb2,0
87,disjunctive0,row,A,A,rangeProb2,94
87,threat1,column,B,A,rangeProb2,49
87,threat3,row,B,B,rangeProb2,0
87,threat0,row,A,A,rangeProb2,100
87,singleControl0,column,A,A,rangeProb2,100
87,singleControl1,row,A,B,rangeProb2,0
87,coordination1,row,A,B,rangeProb2,0
87,coordination0,row,A,A,rangeProb2,100
88,threat0,column,A,A,rangeProb2,51
88,threat3,column,B,B,rangeProb2,0
88,threat1,row,A,B,rangeProb2,50
88,singleControl1,column,B,A,rangeProb2,50
88,singleControl0,row,A,A,rangeProb2,71
88,pd3,column,B,B,rangeProb2,50
88,pd0,column,A,A,rangeProb2,82
88,coordination0,column,A,A,rangeProb2,48
88,coordination1,column,B,A,rangeProb2,0
88,disjunctive0,column,A,A,rangeProb2,50
88,disjunctive3,column,B,B,rangeProb2,25
89,coordination0,column,A,A,rangeProb2,55
89,coordination1,column,B,A,rangeProb2,12
89,singleControl1,column,B,A,rangeProb2,57
89,singleControl0,column,A,A,rangeProb2,89
89,disjunctive0,column,A,A,rangeProb2,86
89,disjunctive3,column,B,B,rangeProb2,43
89,threat3,row,B,B,rangeProb2,47
89,threat0,column,A,A,rangeProb2,91
89,threat1,row,A,B,rangeProb2,59
89,pd3,column,B,B,rangeProb2,49
89,pd0,row,A,A,rangeProb2,95
91,threat3,row,B,B,rangeProb2,0
91,threat1,column,B,A,rangeProb2,77
91,threat0,row,A,A,rangeProb2,57
91,singleControl1,column,B,A,rangeProb2,16
91,singleControl0,column,A,A,rangeProb2,100
91,coordination1,row,A,B,rangeProb2,12
91,coordination0,column,A,A,rangeProb2,96
91,pd0,column,A,A,rangeProb2,100
91,pd3,row,B,B,rangeProb2,34
91,disjunctive3,column,B,B,rangeProb2,0
91,disjunctive0,column,A,A,rangeProb2,72
93,singleControl1,row,A,B,rangeProb2,8
93,singleControl0,row,A,A,rangeProb2,100
93,threat0,row,A,A,rangeProb2,95
93,threat1,column,B,A,rangeProb2,89
93,threat3,row,B,B,rangeProb2,7
93,disjunctive0,row,A,A,rangeProb2,84
93,disjunctive3,column,B,B,rangeProb2,0
93,pd0,row,A,A,rangeProb2,100
93,pd3,row,B,B,rangeProb2,39
93,coordination1,row,A,B,rangeProb2,0
93,coordination0,row,A,A,rangeProb2,100
94,coordination1,row,A,B,rangeProb2,4
94,coordination0,column,A,A,rangeProb2,77
94,threat0,row,A,A,rangeProb2,92
94,threat3,row,B,B,rangeProb2,0
94,threat1,row,A,B,rangeProb2,54
94,singleControl0,column,A,A,rangeProb2,89
94,singleControl1,column,B,A,rangeProb2,0
94,pd3,column,B,B,rangeProb2,0
94,pd0,column,A,A,rangeProb2,100
94,disjunctive3,row,B,B,rangeProb2,0
94,disjunctive0,row,A,A,rangeProb2,98
95,coordination0,row,A,A,rangeProb2,100
95,coordination1,row,A,B,rangeProb2,0
95,pd0,column,A,A,rangeProb2,100
95,pd3,column,B,B,rangeProb2,70
95,threat1,column,B,A,rangeProb2,71
95,threat0,column,A,A,rangeProb2,71
95,threat3,row,B,B,rangeProb2,74
95,disjunctive0,column,A,A,rangeProb2,100
95,disjunctive3,column,B,B,rangeProb2,3
95,singleControl1,column,B,A,rangeProb2,0
95,singleControl0,column,A,A,rangeProb2,94
96,coordination0,column,A,A,rangeProb2,64
96,coordination1,row,A,B,rangeProb2,5
96,threat3,column,B,B,rangeProb2,16
96,threat1,row,A,B,rangeProb2,37
96,threat0,row,A,A,rangeProb2,98
96,singleControl1,column,B,A,rangeProb2,7
96,singleControl0,row,A,A,rangeProb2,92
96,pd0,row,A,A,rangeProb2,96
96,pd3,column,B,B,rangeProb2,46
96,disjunctive3,row,B,B,rangeProb2,2
96,disjunctive0,column,A,A,rangeProb2,54
98,singleControl1,column,B,A,rangeProb2,93
98,singleControl0,column,A,A,rangeProb2,88
98,disjunctive3,row,B,B,rangeProb2,12
98,disjunctive0,column,A,A,rangeProb2,97
98,threat3,column,B,B,rangeProb2,13
98,threat0,column,A,A,rangeProb2,73
98,threat1,row,A,B,rangeProb2,34
98,coordination0,column,A,A,rangeProb2,99
98,coordination1,row,A,B,rangeProb2,44
98,pd0,row,A,A,rangeProb2,94
98,pd3,row,B,B,rangeProb2,76
99,coordination0,row,A,A,rangeProb2,100
99,coordination1,row,A,B,rangeProb2,100
99,threat3,row,B,B,rangeProb2,51
99,threat0,row,A,A,rangeProb2,38
99,threat1,column,B,A,rangeProb2,30
99,singleControl1,column,B,A,rangeProb2,0
99,singleControl0,column,A,A,rangeProb2,100
99,disjunctive0,row,A,A,rangeProb2,100
99,disjunctive3,row,B,B,rangeProb2,100
99,pd3,column,B,B,rangeProb2,0
99,pd0,row,A,A,rangeProb2,100
101,singleControl0,column,A,A,rangeProb2,96
101,singleControl1,column,B,A,rangeProb2,21
101,pd3,column,B,B,rangeProb2,7
101,pd0,row,A,A,rangeProb2,39
101,disjunctive3,row,B,B,rangeProb2,6
101,disjunctive0,column,A,A,rangeProb2,82
101,threat0,row,A,A,rangeProb2,98
101,threat1,row,A,B,rangeProb2,30
101,threat3,column,B,B,rangeProb2,42
101,coordination1,row,A,B,rangeProb2,3
101,coordination0,row,A,A,rangeProb2,99
102,singleControl0,column,A,A,rangeProb2,89
102,singleControl1,row,A,B,rangeProb2,33
102,pd0,column,A,A,rangeProb2,76
102,pd3,row,B,B,rangeProb2,100
102,disjunctive0,column,A,A,rangeProb2,98
102,disjunctive3,column,B,B,rangeProb2,72
102,coordination0,row,A,A,rangeProb2,100
102,coordination1,column,B,A,rangeProb2,40
102,threat3,column,B,B,rangeProb2,38
102,threat1,row,A,B,rangeProb2,82
102,threat0,column,A,A,rangeProb2,55
